email,password
SYS_AdminUser@gmail.com,P@ssw0rd
user1@example.com,password1
user2@example.com,password2
user3@example.com,password3
user4@example.com,password4
user5@example.com,password5
user6@example.com,password6
user7@example.com,password7
user8@example.com,password8
user9@example.com,password9
user10@example.com,password10
user11@example.com,password11
user12@example.com,password12
user13@example.com,password13
user14@example.com,password14
user15@example.com,password15
user16@example.com,password16
user17@example.com,password17
user18@example.com,password18
user19@example.com,password19
user20@example.com,password20
